<?xml version="1.0" encoding="UTF-8" standalone="yes"?>
<readers>
    <reader>
        <id>10</id>
        <name>Joaquin</name>
        <dateOfBirth>2001-03-22</dateOfBirth>
        <subscriptions>
            <subscription>
                <idSubscription>1</idSubscription>
                <idReader>10</idReader>
                <idNewspaper>4</idNewspaper>
                <singDate>2001-03-22</singDate>
            </subscription>
            <subscription>
                <idSubscription>1</idSubscription>
                <idReader>10</idReader>
                <idNewspaper>1</idNewspaper>
                <singDate>2001-03-22</singDate>
                <cancellationDate>2001-03-22</cancellationDate>
            </subscription>
        </subscriptions>
        <readArticles>
<!--            <readArticle>-->
<!--                <idReadArticle>2</idReadArticle>-->
<!--                <idReader>10</idReader>-->
<!--                <idArticle>2</idArticle>-->
<!--                <rating>7</rating>-->
<!--            </readArticle>-->
<!--            <readArticle>-->
<!--                <idReadArticle>2</idReadArticle>-->
<!--                <idReader>10</idReader>-->
<!--                <idArticle>7</idArticle>-->
<!--                <rating>7</rating>-->
<!--            </readArticle>-->
        </readArticles>
    </reader>
    <reader>
        <id>2</id>
        <name>Joaquin</name>
        <dateOfBirth>2001-03-22</dateOfBirth>
        <subscriptions>
            <subscription>
                <idSubscription>1</idSubscription>
                <idReader>2</idReader>
                <idNewspaper>2</idNewspaper>
                <singDate>2001-03-22</singDate>
                <cancellationDate>2001-03-22</cancellationDate>
            </subscription>
        </subscriptions>
        <readArticles>
            <readArticle>
                <idReadArticle>1</idReadArticle>
                <idReader>2</idReader>
                <idArticle>6</idArticle>
                <rating>1</rating>
            </readArticle>
            <readArticle>
                <idReadArticle>2</idReadArticle>
                <idReader>2</idReader>
                <idArticle>2</idArticle>
                <rating>10</rating>
            </readArticle>
        </readArticles>
    </reader>
    <reader>
        <id>3</id>
        <name>Joaquin</name>
        <dateOfBirth>2001-03-22</dateOfBirth>
        <subscriptions>
            <subscription>
                <idSubscription>1</idSubscription>
                <idReader>3</idReader>
                <idNewspaper>4</idNewspaper>
                <singDate>2001-03-22</singDate>
                <cancellationDate>2001-03-22</cancellationDate>
            </subscription>
        </subscriptions>
        <readArticles>
            <readArticle>
                <idReadArticle>1</idReadArticle>
                <idReader>3</idReader>
                <idArticle>1</idArticle>
                <rating>1</rating>
            </readArticle>
        </readArticles>
    </reader>
</readers>
